ID,Ley,Articulo,Objetivo,Stakeholder,ID-EV,ID-RF,Tipo,ID-CU,ID-HU,ID-CA,Clase,Proceso,Nombre-Proceso,ID-CasoPrueba,ID-Componente,ID-Mockup,Estado-Traza
1,No aplica,No aplica,Monitorear el estado ambiental del aula,Personal de Infraestructura y Mantenimiento,EV-01,RF-01,RF,CU-01;CU-03,HU-01,CA-01,SensorIoT;LecturaSensor,P1,Adquirir y normalizar telemetria,CP-RF-01,SensorIoT;LecturaSensor,MU-01,Completa
2,No aplica,No aplica,Controlar remotamente los dispositivos del aula,Personal de Infraestructura y Mantenimiento,EV-01,RF-02,RF,CU-02,HU-02,CA-02,GatewayIoT;Equipo,P2,Controlar equipamiento del aula,CP-RF-02,GatewayIoT;Equipo,MU-01,Completa
3,LOPDP,Art. 26; Art. 4,Detectar automaticamente la ocupacion del aula,Personal de Infraestructura y Mantenimiento,EV-01,RF-03,RF,CU-03,HU-03,CA-03,SensorIoT;Aula,P1,Adquirir y normalizar telemetria,CP-RF-03,SensorIoT;Aula,MU-01,Completa
4,No aplica,No aplica,Controlar remotamente los proyectores,Personal de Infraestructura y Mantenimiento;Docente;Estudiantes,EV-01;EV-02;EV-03,RF-04,RF,CU-01;CU-02,HU-04,CA-04,Proyector,P2,Controlar equipamiento del aula,CP-RF-04,Proyector,MU-01,Completa
5,No aplica,No aplica,Ajustar remotamente la climatizacion,Personal de Infraestructura y Mantenimiento;Estudiantes,EV-01;EV-03,RF-05,RF,CU-01;CU-02,HU-05,CA-05,Climatizador,P2,Controlar equipamiento del aula,CP-RF-05,Climatizador,MU-01,Completa
6,LOPDP,Art. 26; Art. 4,Integrar el sistema con la videovigilancia existente,Personal de Infraestructura y Mantenimiento,EV-01,RF-06,RF,CU-15,Sin historia de usuario,Sin criterio de aceptacion,CamaraVigilancia,P6,Presentar panel de control y video,CP-RF-06,CamaraVigilancia,Sin prototipo asociado,Parcial - sin historia
7,No aplica,No aplica,Consultar un panel de control centralizado,Personal de Infraestructura y Mantenimiento;Docente;Estudiantes,EV-01;EV-02;EV-03,RF-07,RF,CU-01,HU-06,CA-06,Aula,P6,Presentar panel de control y video,CP-RF-07,Aula,MU-01,Completa
8,No aplica,No aplica,Generar y enviar alertas por anomalias,Personal de Infraestructura y Mantenimiento;Estudiantes,EV-01;EV-03,RF-08,RF,CU-04;CU-05,HU-07,CA-07,Alerta,P3,Detectar anomalias y emitir alertas,CP-RF-08,Alerta,MU-02,Completa
9,No aplica,No aplica,Predecir fallos de equipos mediante IA,Docente,EV-02,RF-09,RF,CU-16,Sin historia de usuario,Sin criterio de aceptacion,Equipo,P4,Predecir fallos de equipo,CP-RF-09,Equipo,Sin prototipo asociado,Parcial - sin historia
10,No aplica,No aplica,Registrar el historial de fallas y mantenimientos,Personal de Infraestructura y Mantenimiento,EV-01,RF-10,RF,CU-08,HU-08,CA-08,SolicitudMantenimiento,P5,Gestionar solicitudes y tickets,CP-RF-10,SolicitudMantenimiento,MU-03,Completa
11,No aplica,No aplica,Notificar de forma inmediata las fallas criticas,Docente;Estudiantes,EV-02;EV-03,RF-11,RF,CU-04;CU-05,HU-09,CA-09,Alerta,P3,Detectar anomalias y emitir alertas,CP-RF-11,Alerta,MU-02,Completa
12,No aplica,No aplica,Gestionar las solicitudes de mantenimiento,Personal de Infraestructura y Mantenimiento;Docente;Estudiantes,EV-01;EV-02;EV-03,RF-12,RF,CU-06;CU-07,HU-10;HU-21,CA-10;CA-21,SolicitudMantenimiento,P5,Gestionar solicitudes y tickets,CP-RF-12,SolicitudMantenimiento,MU-03,Completa
13,No aplica,No aplica,Controlar automaticamente el apagado energetico,Personal de Infraestructura y Mantenimiento,EV-01,RF-13,RF,CU-13,HU-11,CA-11,Equipo,P2,Controlar equipamiento del aula,CP-RF-13,Equipo,Sin prototipo asociado,Completa
14,No aplica,No aplica,Analizar patrones de consumo energetico,Docente,EV-02,RF-14,RF,CU-16,Sin historia de usuario,Sin criterio de aceptacion,ConsumoEnergetico,P7,Generar y exportar reportes,CP-RF-14,ConsumoEnergetico,Sin prototipo asociado,Parcial - sin historia
15,No aplica,No aplica,Programar horarios automatizados de encendido/apagado,Personal de Infraestructura y Mantenimiento,EV-01,RF-15,RF,CU-13,HU-12,CA-12,HorarioAcademico,P2,Controlar equipamiento del aula,CP-RF-15,HorarioAcademico,Sin prototipo asociado,Completa
16,No aplica,No aplica,Apagar automaticamente equipos de aulas desocupadas,Personal de Infraestructura y Mantenimiento,EV-01,RF-16,RF,CU-03;CU-13,HU-13,CA-13,Aula;Equipo,P2,Controlar equipamiento del aula,CP-RF-16,Aula;Equipo,Sin prototipo asociado,Completa
17,No aplica,No aplica,Generar reportes estadisticos periodicos,Docente,EV-02,RF-17,RF,CU-09,Sin historia de usuario,Sin criterio de aceptacion,ReporteAdministrativo,P7,Generar y exportar reportes,CP-RF-17,ReporteAdministrativo,MU-04,Parcial - sin historia
18,No aplica,No aplica,Exportar reportes en PDF y Excel,Docente,EV-02,RF-18,RF,CU-10,Sin historia de usuario,Sin criterio de aceptacion,ReporteAdministrativo,P7,Generar y exportar reportes,CP-RF-18,ReporteAdministrativo,MU-04,Parcial - sin historia
19,LOPDP,Art. 7,Gestionar acceso diferenciado por roles,Docente,EV-02,RF-19,RF,CU-11,HU-14,CA-14,Usuario;Rol,P8,Controlar acceso y registrar bitacora,CP-RF-19,Usuario;Rol,Sin prototipo asociado,Completa
20,No aplica,No aplica,Registrar el historial de ocupacion de aulas,Docente,EV-02,RF-20,RF,CU-01;CU-08,HU-18,CA-18,Aula;LecturaSensor,P7,Generar y exportar reportes,CP-RF-20,Aula;LecturaSensor,Sin prototipo asociado,Completa
21,No aplica,No aplica,Notificar equipos encendidos fuera de horario,Personal de Infraestructura y Mantenimiento,EV-01,RF-21,RF,CU-04;CU-13,HU-15,CA-15,Alerta;Equipo,P3,Detectar anomalias y emitir alertas,CP-RF-21,Alerta;Equipo,Sin prototipo asociado,Completa
22,No aplica,No aplica,Monitorear la conectividad de la red IoT,Personal de Infraestructura y Mantenimiento,EV-01,RF-22,RF,CU-12,HU-16,CA-16,GatewayIoT,P1,Adquirir y normalizar telemetria,CP-RF-22,GatewayIoT,Sin prototipo asociado,Completa
23,LOPDP,Art. 10 lit. k; Art. 47 num. 2,Registrar bitacora de acciones de usuario,Personal de Infraestructura y Mantenimiento;Docente,EV-01;EV-02,RF-23,RF,CU-14,HU-17,CA-17,BitacoraAccion,P8,Controlar acceso y registrar bitacora,CP-RF-23,BitacoraAccion,Sin prototipo asociado,Completa
24,LOPDP,Art. 13,Exportar los datos personales del usuario a solicitud,Docente;Coordinacion,Sin evidencia de campo,RF-24,RF,CU-11,HU-19,CA-19,Usuario,P8,Controlar acceso y registrar bitacora,CP-RF-24,Usuario,Sin prototipo asociado,Huerfana - sin fuente
25,LOPDP,Art. 14,Rectificar los datos personales del usuario,Docente;Coordinacion,Sin evidencia de campo,RF-25,RF,CU-11,HU-20,CA-20,Usuario,P8,Controlar acceso y registrar bitacora,CP-RF-25,Usuario,Sin prototipo asociado,Huerfana - sin fuente
26,No aplica,No aplica,"Validacion complementaria mediante cuestionario ampliado (formulario v2.0, 31 respuestas)",Estudiantes,EV-17,RF-04;RF-05;RF-07;RF-08;RF-11;RF-12;RF-22,RF,CU-01;CU-02;CU-04;CU-05;CU-06;CU-07;CU-12,HU-04;HU-05;HU-06;HU-07;HU-09;HU-10;HU-16,CA-04;CA-05;CA-06;CA-07;CA-09;CA-10;CA-16,Sin clase asociada,P1;P2;P3;P5;P6,Adquirir y normalizar telemetria;Controlar equipamiento del aula;Detectar anomalias y emitir alertas;Gestionar solicitudes y tickets;Presentar panel de control y video,CP-RF-04;CP-RF-05;CP-RF-07;CP-RF-08;CP-RF-11;CP-RF-12;CP-RF-22,Sin componente asociado,Sin prototipo asociado,Parcial - sin clase
27,LOPDP,Art. 26; Art. 4,Evidencia fotografica del trabajo de campo,Personal de Infraestructura y Mantenimiento;Docente,EV-04,RF-01;RF-02;RF-03;RF-04;RF-05;RF-07;RF-08,RF,CU-01;CU-02;CU-03;CU-04,HU-01;HU-02;HU-03;HU-04;HU-05;HU-06;HU-07,CA-01;CA-02;CA-03;CA-04;CA-05;CA-06;CA-07,Sin clase asociada,P1;P2;P3;P6,Adquirir y normalizar telemetria;Controlar equipamiento del aula;Detectar anomalias y emitir alertas;Presentar panel de control y video,CP-RF-01;CP-RF-02;CP-RF-03;CP-RF-04;CP-RF-05;CP-RF-07;CP-RF-08,Sin componente asociado,Sin prototipo asociado,Parcial - sin clase
28,No aplica,No aplica,Dependencia del horario academico vigente,Coordinacion,EV-05,RF-13;RF-15;RF-16;RF-20;RF-21;RD-13,RD,CU-03;CU-09;CU-13,HU-11;HU-12;HU-13;HU-15;HU-18,CA-11;CA-12;CA-13;CA-15;CA-18,HorarioAcademico,P2;P3;P7,Controlar equipamiento del aula;Detectar anomalias y emitir alertas;Generar y exportar reportes,CP-RF-13;CP-RF-15;CP-RF-16;CP-RF-20;CP-RF-21,HorarioAcademico,Sin prototipo asociado,Restriccion de diseno
29,No aplica,No aplica,Registro del proceso de mantenimiento fisico,Personal de Infraestructura y Mantenimiento,EV-06,RF-08;RF-10;RF-11;RF-12;RF-17;RD-17,RD,CU-04;CU-08;CU-09,HU-07;HU-08;HU-09;HU-10,CA-07;CA-08;CA-09;CA-10,SolicitudMantenimiento,P3;P5;P7,Detectar anomalias y emitir alertas;Gestionar solicitudes y tickets;Generar y exportar reportes,CP-RF-08;CP-RF-10;CP-RF-11;CP-RF-12;CP-RF-17,SolicitudMantenimiento,Sin prototipo asociado,Restriccion de diseno
30,LOPDP,Art. 26; Art. 4,Evidencia del sistema de camaras existente,Personal de Infraestructura y Mantenimiento,EV-07,RF-06;RF-07;RF-22;RD-05,RD,CU-01;CU-12;CU-15,HU-06;HU-16,CA-06;CA-16,CamaraVigilancia,P1;P6,Adquirir y normalizar telemetria;Presentar panel de control y video,CP-RF-06;CP-RF-07;CP-RF-22,CamaraVigilancia,Sin prototipo asociado,Restriccion de diseno
31,No aplica,No aplica,Validar percepcion del panel de control con personal no tecnico,Personal de servicios generales,EV-08,RF-07,RF,CU-01,HU-06,CA-06,Aula,P6,Presentar panel de control y video,CP-RF-07,Aula,MU-01,Completa
32,LOPDP,Art. 26; Art. 4,Confirmar limitacion real de camaras interiores no operativas,Personal de servicios generales,EV-08,RF-06,RF,CU-15,Sin historia de usuario,Sin criterio de aceptacion,CamaraVigilancia,P6,Presentar panel de control y video,CP-RF-06,CamaraVigilancia,Sin prototipo asociado,Parcial - sin historia
33,LOPDP,Art. 26; Art. 4,Validar percepcion del panel consolidado con personal no tecnico,Personal de servicios generales,EV-09,RF-01;RF-03;RF-07,RF,CU-01;CU-03,HU-01;HU-03;HU-06,CA-01;CA-03;CA-06,Aula,P1;P6,Adquirir y normalizar telemetria;Presentar panel de control y video,CP-RF-01;CP-RF-03;CP-RF-07,Aula,MU-01,Completa
34,No aplica,No aplica,Validar disponibilidad de aulas filtrada por horario docente,Coordinacion,EV-10,RF-07,RF,CU-01,HU-06,CA-06,Aula,P6,Presentar panel de control y video,CP-RF-07,Aula,MU-01,Completa
35,No aplica,No aplica,Detectar necesidad de tablero de estado de equipos por sesion de clase,Personal de servicios generales,EV-11,RF-12,RF,CU-06,HU-10,CA-10,SolicitudMantenimiento,P5,Gestionar solicitudes y tickets,CP-RF-12,SolicitudMantenimiento,MU-03,Completa
36,No aplica,No aplica,Validar el panel de control y el historial de alertas con un docente,Docente,EV-12,RF-04;RF-05;RF-07;RF-08;RF-11;RF-13;RF-14;RF-16,RF,CU-01;CU-04;CU-05,HU-04;HU-05;HU-06;HU-07;HU-09;HU-11;HU-13,CA-04;CA-05;CA-06;CA-07;CA-09;CA-11;CA-13,Aula;Alerta,P2;P3;P6;P7,Controlar equipamiento del aula;Detectar anomalias y emitir alertas;Presentar panel de control y video;Generar y exportar reportes,CP-RF-04;CP-RF-05;CP-RF-07;CP-RF-08;CP-RF-11;CP-RF-13;CP-RF-14;CP-RF-16,Aula;Alerta,MU-01;MU-02,Completa
37,LOPDP,Art. 7,Detectar brecha de historial de intervenciones no expuesto en reportes,Docente,EV-13,RF-10;RF-17;RF-19,RF,CU-08;CU-09,HU-08;HU-14,CA-08;CA-14,ReporteAdministrativo,P5;P7;P8,Gestionar solicitudes y tickets;Generar y exportar reportes;Controlar acceso y registrar bitacora,CP-RF-10;CP-RF-17;CP-RF-19,ReporteAdministrativo,MU-04,Completa
38,No aplica,No aplica,Validar necesidad de acuse de recepcion en solicitudes de mantenimiento,Coordinacion,EV-14,RF-12,RF,CU-06;CU-07,HU-10,CA-10,SolicitudMantenimiento,P5,Gestionar solicitudes y tickets,CP-RF-12,SolicitudMantenimiento,MU-03,Completa
39,No aplica,No aplica,Detectar ausencia de conectividad como riesgo critico del sistema,Docente;Coordinacion,EV-13;EV-14,RD-02,RD,CU-01,Sin historia de usuario,Sin criterio de aceptacion,GatewayIoT,Transversal,Transversal a varios procesos,No aplica (restriccion de diseno),GatewayIoT,Sin prototipo asociado,Restriccion de diseno - sin historia
40,No aplica,No aplica,Detectar necesidad de inventario de equipos de laboratorio,Docente,EV-16,RF-07,RF,CU-01,HU-06,CA-06,Aula;Equipo,P6,Presentar panel de control y video,CP-RF-07,Aula;Equipo,MU-01,Completa
41,No aplica,No aplica,Simplificar historial de estados del ticket de mantenimiento,Docente,EV-16,RF-12,RF,CU-07,HU-10,CA-10,SolicitudMantenimiento,P5,Gestionar solicitudes y tickets,CP-RF-12,SolicitudMantenimiento,MU-03,Completa
42,LOPDP,Art. 26; Art. 4,Documentar diversidad de contexto fisico del entorno de las aulas,Personal de Infraestructura y Mantenimiento,EV-18,RF-01;RF-04;RF-05;RF-06,RD,CU-01;CU-02;CU-15,HU-01;HU-04;HU-05,CA-01;CA-04;CA-05,Aula;Equipo;CamaraVigilancia,P1;P2;P6,Adquirir y normalizar telemetria;Controlar equipamiento del aula;Presentar panel de control y video,CP-RF-01;CP-RF-04;CP-RF-05;CP-RF-06,Aula;Equipo;CamaraVigilancia,Sin prototipo asociado,Completa
43,No aplica,No aplica,Verificar aplicacion real del cuestionario a estudiantes,Estudiantes,EV-19,RF-04;RF-05;RF-07;RF-08,RD,CU-01;CU-02;CU-04;CU-05,HU-04;HU-05;HU-06;HU-07,CA-04;CA-05;CA-06;CA-07,Sin clase asociada,P2;P3;P6,Controlar equipamiento del aula;Detectar anomalias y emitir alertas;Presentar panel de control y video,CP-RF-04;CP-RF-05;CP-RF-07;CP-RF-08,Sin componente asociado,Sin prototipo asociado,Parcial - sin clase
44,No aplica,No aplica,El sistema debe entregar alertas de anomalia en <=60s desde la deteccion,Personal de Infraestructura y Mantenimiento,Sin evidencia de campo,RNF-01,RNF,CU-04;CU-05,Sin historia de usuario,Sin criterio de aceptacion,Alerta,Transversal,Transversal a varios procesos,CP-RNF-01,Alerta,Sin prototipo asociado,"Huerfana - sin fuente, historia"
45,No aplica,No aplica,Disponibilidad >=99% mensual (downtime <=7.3 h/mes),Personal de Infraestructura y Mantenimiento,Sin evidencia de campo,RNF-02,RNF,Sin caso de uso asociado,Sin historia de usuario,Sin criterio de aceptacion,Sin clase asociada,Transversal,Transversal a varios procesos,CP-RNF-02,Sin componente asociado,Sin prototipo asociado,"Huerfana - sin fuente, caso de uso, clase, historia"
46,No aplica,No aplica,Datos en transito y reposo cifrados con AES-256; acceso sin credenciales rechazado,Personal de TI,Sin evidencia de campo,RNF-03,RNF,CU-11,Sin historia de usuario,Sin criterio de aceptacion,Usuario;Rol,Transversal,Transversal a varios procesos,CP-RNF-03,Usuario;Rol,Sin prototipo asociado,"Huerfana - sin fuente, historia"
47,No aplica,No aplica,Usuario sin capacitacion previa completa consultar estado de un aula en <=2 min,Docente;Estudiantes,Sin evidencia de campo,RNF-04,RNF,CU-01,Sin historia de usuario,Sin criterio de aceptacion,Aula,Transversal,Transversal a varios procesos,CP-RNF-04,Aula,MU-01,"Huerfana - sin fuente, historia"
48,No aplica,No aplica,La interfaz debe funcionar sin instalacion adicional en Chrome Firefox y Edge,Docente;Estudiantes;Personal de Infraestructura y Mantenimiento,Sin evidencia de campo,RNF-05,RNF,CU-01,Sin historia de usuario,Sin criterio de aceptacion,Sin clase asociada,Transversal,Transversal a varios procesos,CP-RNF-05,Sin componente asociado,Sin prototipo asociado,"Huerfana - sin fuente, clase, historia"
49,No aplica,No aplica,Cobertura de pruebas unitarias >=70% en modulos criticos,Personal de TI,Sin evidencia de campo,RNF-06,RNF,Sin caso de uso asociado,Sin historia de usuario,Sin criterio de aceptacion,Sin clase asociada,Transversal,Transversal a varios procesos,CP-RNF-06,Sin componente asociado,Sin prototipo asociado,"Huerfana - sin fuente, caso de uso, clase, historia"
50,No aplica,No aplica,Tasa de acierto >=95% del modulo de deteccion de ocupacion frente al estado real,Personal de Infraestructura y Mantenimiento,Sin evidencia de campo,RNF-07,RNF,CU-03,Sin historia de usuario,Sin criterio de aceptacion,SensorIoT,Transversal,Transversal a varios procesos,CP-RNF-07,SensorIoT,Sin prototipo asociado,"Huerfana - sin fuente, historia"
51,No aplica,No aplica,Integracion con el Sistema de Horario Academico sin perdida de datos,Coordinacion,EV-10,RNF-08,RNF,CU-13,Sin historia de usuario,Sin criterio de aceptacion,HorarioAcademico,Transversal,Transversal a varios procesos,CP-RNF-08,HorarioAcademico,Sin prototipo asociado,Parcial - sin historia
52,No aplica,No aplica,Incorporar un nuevo tipo de sensor IoT en <=8 horas-persona sin modificar el nucleo,Personal de TI,Sin evidencia de campo,RNF-09,RNF,Sin caso de uso asociado,Sin historia de usuario,Sin criterio de aceptacion,GatewayIoT,Transversal,Transversal a varios procesos,CP-RNF-09,GatewayIoT,Sin prototipo asociado,"Huerfana - sin fuente, caso de uso, historia"
53,No aplica,No aplica,Explicacion de cada prediccion de falla en <=2s y <=60 palabras comprensible para el usuario,Personal de Infraestructura y Mantenimiento;Personal de TI,Sin evidencia de campo,RNF-10,RNF,CU-16,Sin historia de usuario,Sin criterio de aceptacion,Equipo,Transversal,Transversal a varios procesos,CP-RNF-10,Equipo,Sin prototipo asociado,"Huerfana - sin fuente, historia"
54,LOPDP,Art. 13,Exportar los datos personales del usuario en <=15 dias habiles desde la solicitud,Docente;Coordinacion,Sin evidencia de campo,RNF-11,RNF,CU-11,Sin historia de usuario,Sin criterio de aceptacion,Usuario,Transversal,Transversal a varios procesos,CP-RNF-11,Usuario,Sin prototipo asociado,"Huerfana - sin fuente, historia"
55,LOPDP,Art. 43; Art. 46,Alerta automatica al administrador ante intento de acceso no autorizado en <=5 min,Personal de TI,Sin evidencia de campo,RNF-12,RNF,CU-11,Sin historia de usuario,Sin criterio de aceptacion,Usuario;Rol,Transversal,Transversal a varios procesos,CP-RNF-12,Usuario;Rol,Sin prototipo asociado,"Huerfana - sin fuente, historia"
56,No aplica,No aplica,Reanudar recepcion de datos en <=5 min tras restablecimiento de conexion del Gateway IoT,Personal de Infraestructura y Mantenimiento,Sin evidencia de campo,RNF-13,RNF,CU-12,Sin historia de usuario,Sin criterio de aceptacion,GatewayIoT,Transversal,Transversal a varios procesos,CP-RNF-13,GatewayIoT,Sin prototipo asociado,"Huerfana - sin fuente, historia"
57,No aplica,No aplica,Tiempo medio de diagnostico de una falla reportada <=15 min para el personal de TI,Personal de Infraestructura y Mantenimiento;Docente,EV-12,RNF-14,RNF,CU-08,Sin historia de usuario,Sin criterio de aceptacion,SolicitudMantenimiento,Transversal,Transversal a varios procesos,CP-RNF-14,SolicitudMantenimiento,Sin prototipo asociado,Parcial - sin historia
58,No aplica,No aplica,Interfaz web operativa sin perdida de funciones criticas con ancho de banda >=1 Mbps,Docente;Estudiantes,Sin evidencia de campo,RNF-15,RNF,CU-01,Sin historia de usuario,Sin criterio de aceptacion,Sin clase asociada,Transversal,Transversal a varios procesos,CP-RNF-15,Sin componente asociado,Sin prototipo asociado,"Huerfana - sin fuente, clase, historia"
59,No aplica,No aplica,Notificar explicitamente al usuario cuando un aula no tiene conectividad de red disponible,Docente;Coordinacion,EV-13;EV-14,RNF-16,RNF,CU-01,Sin historia de usuario,Sin criterio de aceptacion,GatewayIoT,Transversal,Transversal a varios procesos,CP-RNF-16,GatewayIoT,Sin prototipo asociado,Parcial - sin historia
60,No aplica,No aplica,La plataforma debera utilizar una base de datos aprobada por la institucion o el equipo de TI,Personal de TI,Sin evidencia de campo,RD-03,RD,Sin caso de uso asociado,Sin historia de usuario,Sin criterio de aceptacion,Sin clase asociada,Transversal,Transversal a varios procesos,No aplica (restriccion de diseno),Sin componente asociado,Sin prototipo asociado,"Restriccion de diseno - sin fuente, caso de uso, clase, historia"
61,No aplica,No aplica,El sistema solo podra controlar proyectores climatizacion y dispositivos tecnicamente compatibles,Personal de Infraestructura y Mantenimiento,Sin evidencia de campo,RD-04,RD,CU-02,Sin historia de usuario,Sin criterio de aceptacion,Proyector;Climatizador,Transversal,Transversal a varios procesos,No aplica (restriccion de diseno),Proyector;Climatizador,Sin prototipo asociado,"Restriccion de diseno - sin fuente, historia"
62,No aplica,No aplica,La interfaz de usuario debera ejecutarse en navegadores modernos sin instalacion adicional,Docente;Estudiantes;Personal de Infraestructura y Mantenimiento,Sin evidencia de campo,RD-06,RD,CU-01,Sin historia de usuario,Sin criterio de aceptacion,Sin clase asociada,Transversal,Transversal a varios procesos,No aplica (restriccion de diseno),Sin componente asociado,Sin prototipo asociado,"Restriccion de diseno - sin fuente, clase, historia"
63,No aplica,No aplica,Se priorizara la integracion de aulas piloto antes de una cobertura total de la facultad,Coordinacion,Sin evidencia de campo,RD-08,RD,Sin caso de uso asociado,Sin historia de usuario,Sin criterio de aceptacion,Sin clase asociada,Transversal,Transversal a varios procesos,No aplica (restriccion de diseno),Sin componente asociado,Sin prototipo asociado,"Restriccion de diseno - sin fuente, caso de uso, clase, historia"
64,LOPDP,Art. 7,El sistema debera respetar las politicas institucionales y la normativa de proteccion de datos,Docente;Coordinacion,Sin evidencia de campo,RD-09,RD,Sin caso de uso asociado,Sin historia de usuario,Sin criterio de aceptacion,Usuario;CamaraVigilancia,Transversal,Transversal a varios procesos,No aplica (restriccion de diseno),Usuario;CamaraVigilancia,Sin prototipo asociado,"Restriccion de diseno - sin fuente, caso de uso, historia"
65,No aplica,No aplica,El acceso a funciones administrativas tecnicas y de control remoto debera estar restringido por roles,Personal de TI,Sin evidencia de campo,RD-10,RD,CU-11,Sin historia de usuario,Sin criterio de aceptacion,Usuario;Rol,Transversal,Transversal a varios procesos,No aplica (restriccion de diseno),Usuario;Rol,Sin prototipo asociado,"Restriccion de diseno - sin fuente, historia"
66,No aplica,No aplica,Las acciones de los usuarios deberan registrarse en bitacora para trazabilidad y auditoria,Personal de TI,Sin evidencia de campo,RD-11,RD,CU-14,Sin historia de usuario,Sin criterio de aceptacion,BitacoraAccion,Transversal,Transversal a varios procesos,No aplica (restriccion de diseno),BitacoraAccion,Sin prototipo asociado,"Restriccion de diseno - sin fuente, historia"
