nombre_archivo,tipo,fecha,codigo_participante,id_evidencia,duracion,resolucion,codec,audio_kbps,tamano_bytes,sha256_publicado,sha256_original_camara,zona
2026-05-14_Conserje_CONS-01_Entrevista.mp4,Video,2026-05-14,CONS-01,EV-01,00:06:16,1280x720,h264/aac,128,23425813,8b7919cb09437bda34a744775164fe5842bc6cde4fea2d3f2461aa6961f08f86,38f7b53ea2a2bcc78878cc0482a6db7698498e7d45a9b590018f8ba3eb296d0a,Publica
2026-06-30_Coordinacion_COORD-01_Entrevista.mp4,Video,2026-06-30,COORD-01,EV-02,00:12:16,1280x720,h264/aac,128,37080803,11e1ef8f6445bfbc904487d8119132726ce4cb6ea0017e96d36bdd518cac4b8d,7b59944c3d80924f680645230e4549a853bbd56cf7d814d99f0949dc8ef186e8,Publica
2026-07-13_Conserje_CONS-02_Entrevista.mp4,Video,2026-07-13,CONS-02,EV-08,00:08:30,1280x720,h264/aac,128,52904299,a55329349352021aa905e25e5869b7fd2368ebef8b879660c1da421b09141028,a950753992d924b92b8eb7302454914fd1897f70419fba1b6abe444dedf71843,Publica
2026-07-13_Conserje_CONS-03_Entrevista.mp4,Video,2026-07-13,CONS-03,EV-09,00:06:09,1280x720,h264/aac,128,20796509,139f31db5ed15d7d82bbe6126b0f38156aeae134c1440ad15b99be5abaa7452b,ef14a456f234194973f85f72c6a93e58863c3514739e1b569d372f7a050bb561,Publica
2026-07-21_Coordinacion_COORD-02_Entrevista.mp4,Video,2026-07-21,COORD-02,EV-10,00:24:57,1280x720,h264/aac,128,89506626,04fae9e009fff8576d7bfe75e512bcee39b86487d0c7adb97b7fa7520cc35d72,f40cb8cd2bf78b14ebbd2bc1be4827621cff0defe0ef7dbb19a3fb048a5898f6,Publica
2026-07-22_Conserje_CONS-04_Entrevista.mp4,Video,2026-07-22,CONS-04,EV-11,00:29:02,1280x720,h264/aac,128,91169879,927d608c95cb5c49733fc748154c132b9b5cd4c8398d9011a5f2381485d02133,cb18ab0e80c32e93611ed5d056594e0d4c48b7ffc013f300189d274da51c02a4,Publica
2026-07-24_Docente_DOC-01_Entrevista.mp4,Video,2026-07-24,DOC-01,EV-12,00:18:00,1280x720,h264/aac,128,84994607,ee4c4d014c6d34ae90174cccf1cfa5f48c4380170fdfa7eb44455b19d273bad9,914e7e8fc56e5f89d6941c1f67f92cbbdf9e31db6267060055be9812372b6d1b,Publica
2026-07-27_Docente_DOC-02_Entrevista.mp4,Video,2026-07-27,DOC-02,EV-13,00:21:44,1280x720,h264/aac,128,79535720,08761871135d7dd9df254c89c47dc47f8e02342d0fcc3e1cf92eeadb65dd28f5,9d6c236e8bc7376326168ae1c74bd75d7aa0daa65ec0e55a4b03533344bda956,Publica
2026-05-14_Conserje_CONS-01_Audio.mp3,Audio,2026-05-14,CONS-01,EV-01,00:06:16,N/A,mp3,128,6033783,785540363dc737aae7bbb73fbf126f43689489277f2268fc692800dd90628b23,10afee678c3ec214caa0534517811d8f06f67e8a707039f10718f34d94475c97,Publica
2026-06-30_Coordinacion_COORD-01_Audio.mp3,Audio,2026-06-30,COORD-01,EV-02,00:12:16,N/A,mp3,128,11782700,53bf00dfed7aeb4a0ec51e335c36b5d2454979b2caaa5bd9c45de56f9ce43230,b3aa789b99f86b81e0a4836768a6070725504602abad80519751a85ec0a20c77,Publica
2026-07-13_Conserje_CONS-02_Audio.mp3,Audio,2026-07-13,CONS-02,EV-08,00:08:30,N/A,mp3,128,8176364,a0588a5c76d6a47dd1bf54f19fab006973da4dac1e3d678a9fc80a663bd4e7b6,1ac0725770e2615720bddbb215f0aae9da1d20ec0136fd6210f40200433de97b,Publica
2026-07-13_Conserje_CONS-03_Audio.mp3,Audio,2026-07-13,CONS-03,EV-09,00:06:09,N/A,mp3,128,5917292,c9dc0fdc51a0b4349e146a4a95ca7e476972aa9e6f08538e31d09fd0622ad58b,e721b2b51f03e08e8be35a4be2639b00a18afb688a84b561466cd35a4dfe7a02,Publica
2026-07-21_Coordinacion_COORD-02_Audio.mp3,Audio,2026-07-21,COORD-02,EV-10,00:24:57,N/A,mp3,128,23965676,0de9f51e3a42cc60a4593ddc5cb756d98fe2849649feafe423146a79312693fe,5e8f423b78fa2474cce7dd7d263b2c43ae2e8f0ac73eeb3656fa8632c4c9952a,Publica
2026-07-22_Conserje_CONS-04_Audio.mp3,Audio,2026-07-22,CONS-04,EV-11,00:29:02,N/A,mp3,128,27881900,03c3457b05c057ed2f327f8e6904bcef2caa52f95a98256e6a6fa38cc564ebe0,f61317b736f1b2425f25ba3f0b2555813fdc2a8416afb2f05a986bd8f833029c,Publica
2026-07-24_Docente_DOC-01_Audio.mp3,Audio,2026-07-24,DOC-01,EV-12,00:18:00,N/A,mp3,128,17284076,f4ecc66bfbbfab026b024656ff02adacd5a18a5d72fa080ebf1388d72036a141,82bd71dd848a2b2456501bb5f6828055f6331a5da12126d8f04abfd32a2044c2,Publica
2026-07-27_Docente_DOC-02_Audio.mp3,Audio,2026-07-27,DOC-02,EV-13,00:21:44,N/A,mp3,127,20822133,a404a34bcf6f496ba3c717efd50e6909c33faa82ad8032d836fc83a2c142ef8a,a404a34bcf6f496ba3c717efd50e6909c33faa82ad8032d836fc83a2c142ef8a,Publica
2026-07-28_Coordinacion_COORD-03_Audio.mp3,Audio,2026-07-28,COORD-03,EV-14,00:25:50,N/A,mp3,127,24751107,87e84c7ebc61f40284e47cdf74f6c215d2c74f5cfbd2cf1d9f140734f12e1ac0,87e84c7ebc61f40284e47cdf74f6c215d2c74f5cfbd2cf1d9f140734f12e1ac0,Publica
2026-07-30_Docente_DOC-04_Audio.mp3,Audio,2026-07-30,DOC-04,EV-16,00:19:36,N/A,mp3,127,18787590,15219f59efa7ee863bb0d5f695a65542d6a5ed7111bdc6cc5e3593be776abfbe,15219f59efa7ee863bb0d5f695a65542d6a5ed7111bdc6cc5e3593be776abfbe,Publica
2026-09-03_Docente_DOC-05_Entrevista.mp4,Video,2026-09-03,DOC-05,EV-20,00:19:28,1280x720,h264/aac,97,61103946,N/A - no se publica,b944c2f6a374f436f69f66b3e36b8f864d5b26b4561a1db205c289ad76665800,Restringida
2026-09-03_Docente_DOC-05_Audio.mp3,Audio,2026-09-03,DOC-05,EV-20,00:19:28,N/A,mp3,128,18682515,N/A - no se publica,5e664dd154910e404cb4a17713a80a1e198e3fa73e1f934c20fdfad82ef47da5,Restringida
2026-09-03_Docente_DOC-06_Entrevista.mp4,Video,2026-09-03,DOC-06,EV-21,00:14:20,1280x720,h264/aac,98,46345792,N/A - no se publica,ee0fe34a05ca519d75fa0e50ad14915653a7059c4896c89bab36a466b83389e1,Restringida
2026-09-03_Docente_DOC-06_Audio.mp3,Audio,2026-09-03,DOC-06,EV-21,00:14:20,N/A,mp3,128,13760787,N/A - no se publica,5cf9a806cbb8fd28b7b78532d46bd8c8599c2946ba2636a5647d75440196369e,Restringida
2026-09-03_Docente_DOC-07_Entrevista.mp4,Video,2026-09-03,DOC-07,EV-22,00:21:16,1280x720,h264/aac,97,64262591,N/A - no se publica,bde38183066cff9a8cd4383a12d1ce182ec6b020d93e2b2b8966f08b02092543,Restringida
2026-09-03_Docente_DOC-07_Audio.mp3,Audio,2026-09-03,DOC-07,EV-22,00:21:16,N/A,mp3,128,20422803,N/A - no se publica,5c98ce82ef004a517f0c3ac9a8f42558325d74a142564b0d820d100a412edbce,Restringida
2026-09-03_Docente_DOC-08_Entrevista.mp4,Video,2026-09-03,DOC-08,EV-23,00:13:44,1280x720,h264/aac,98,45100724,N/A - no se publica,29396f20a55005f7bb3d1d5760f2da79c78e9296efdd0ca20675e3086dd2f991,Restringida
2026-09-03_Docente_DOC-08_Audio.mp3,Audio,2026-09-03,DOC-08,EV-23,00:13:44,N/A,mp3,128,13185939,N/A - no se publica,e3f38cc28508becc4359c5d280b74c48fb60abed97ba270f2f7918c16d194122,Restringida
2026-09-03_Docente_DOC-09_Entrevista.mp4,Video,2026-09-03,DOC-09,EV-24,00:11:45,1280x720,h264/aac,98,44175018,N/A - no se publica,c00dbceca337b0bf62e3bb39ba312a11b4fb369927cee07f218e6b0a414c73dc,Restringida
2026-09-03_Docente_DOC-09_Audio.mp3,Audio,2026-09-03,DOC-09,EV-24,00:11:45,N/A,mp3,128,11285523,N/A - no se publica,80548b34c782b09a3ea4d5e09624d254f8d33b128ae87188a7cf85abc888f6dc,Restringida
2026-09-03_Docente_DOC-10_Entrevista.mp4,Video,2026-09-03,DOC-10,EV-25,00:16:22,1280x720,h264/aac,99,49650302,N/A - no se publica,6b89dabafe8fcb3ed2519e324682f410e1c33cbc96897f2db71e2bfbc870a8ee,Restringida
2026-09-03_Docente_DOC-10_Audio.mp3,Audio,2026-09-03,DOC-10,EV-25,00:16:22,N/A,mp3,128,15711123,N/A - no se publica,6d1314c8bba446bc286a0124532777ce5c481fc3e3eeaf1d35e72bacc3a69364,Restringida
2026-09-04_Tecnico_TIC-01_Sesion.mp4,Video,2026-09-04,TIC-01,EV-26,00:16:35,1280x720,h264/aac,97,89137754,N/A - no se publica,be33bdab7ea79846d0fd6c7f251147b0cc43a6d8e1f6895644f948c3b0e9a1a6,Restringida
2026-09-04_Tecnico_TIC-01_Audio.mp3,Audio,2026-09-04,TIC-01,EV-26,00:16:35,N/A,mp3,128,15918600,N/A - no se publica,b4216b897b6f49dc757921fadf1b324fee40371b527d7bab8e144a71447f8926,Restringida
