ID,Requisito,Tipo_de_prueba,Objetivo,Precondicion,Procedimiento,Resultado_esperado,Criterio_de_aceptacion,Elemento_de_diseno,Caso_de_uso,Ejecutable_hoy,Estado
CP-RF-01,RF-01,Funcional,Comprobar que se cumple: Monitorear el estado ambiental del aula,Entorno de prueba desplegado con datos de ejemplo; elemento bajo prueba disponible: SensorIoT;LecturaSensor,"1) Autenticarse con un rol autorizado. 2) Reproducir el escenario Gherkin del criterio de aceptacion asociado, sobre SensorIoT;LecturaSensor en el entorno de prueba. 3) Observar la respuesta del sistema y su registro en bitacora. 4) Repetir con datos limite y con un rol no autorizado, para comprobar que la funcion se deniega a quien no debe usarla.","El comportamiento observado coincide con el enunciado del requisito, sin excepciones. Se da por superada la prueba cuando se satisface el escenario Gherkin de CA-01, definido en el ERS",CA-01,SensorIoT;LecturaSensor,CU-01;CU-03,Si: el prototipo implementa el requisito,"Especificado, no ejecutado"
CP-RF-02,RF-02,Funcional,Comprobar que se cumple: Controlar remotamente los dispositivos del aula,Entorno de prueba desplegado con datos de ejemplo; elemento bajo prueba disponible: GatewayIoT;Equipo,"1) Autenticarse con un rol autorizado. 2) Reproducir el escenario Gherkin del criterio de aceptacion asociado, sobre GatewayIoT;Equipo en el entorno de prueba. 3) Observar la respuesta del sistema y su registro en bitacora. 4) Repetir con datos limite y con un rol no autorizado, para comprobar que la funcion se deniega a quien no debe usarla.","El comportamiento observado coincide con el enunciado del requisito, sin excepciones. Se da por superada la prueba cuando se satisface el escenario Gherkin de CA-02, definido en el ERS",CA-02,GatewayIoT;Equipo,CU-02,Si: el prototipo implementa el requisito,"Especificado, no ejecutado"
CP-RF-03,RF-03,Funcional,Comprobar que se cumple: Detectar automaticamente la ocupacion del aula,Entorno de prueba desplegado con datos de ejemplo; elemento bajo prueba disponible: SensorIoT;Aula,"1) Autenticarse con un rol autorizado. 2) Reproducir el escenario Gherkin del criterio de aceptacion asociado, sobre SensorIoT;Aula en el entorno de prueba. 3) Observar la respuesta del sistema y su registro en bitacora. 4) Repetir con datos limite y con un rol no autorizado, para comprobar que la funcion se deniega a quien no debe usarla.","El comportamiento observado coincide con el enunciado del requisito, sin excepciones. Se da por superada la prueba cuando se satisface el escenario Gherkin de CA-03, definido en el ERS",CA-03,SensorIoT;Aula,CU-03,Si: el prototipo implementa el requisito,"Especificado, no ejecutado"
CP-RF-04,RF-04,Funcional,Comprobar que se cumple: Controlar remotamente los proyectores,Entorno de prueba desplegado con datos de ejemplo; elemento bajo prueba disponible: Proyector,"1) Autenticarse con un rol autorizado. 2) Reproducir el escenario Gherkin del criterio de aceptacion asociado, sobre Proyector en el entorno de prueba. 3) Observar la respuesta del sistema y su registro en bitacora. 4) Repetir con datos limite y con un rol no autorizado, para comprobar que la funcion se deniega a quien no debe usarla.","El comportamiento observado coincide con el enunciado del requisito, sin excepciones. Se da por superada la prueba cuando se satisface el escenario Gherkin de CA-04, definido en el ERS",CA-04,Proyector,CU-01;CU-02,Si: el prototipo implementa el requisito,"Especificado, no ejecutado"
CP-RF-05,RF-05,Funcional,Comprobar que se cumple: Ajustar remotamente la climatizacion,Entorno de prueba desplegado con datos de ejemplo; elemento bajo prueba disponible: Climatizador,"1) Autenticarse con un rol autorizado. 2) Reproducir el escenario Gherkin del criterio de aceptacion asociado, sobre Climatizador en el entorno de prueba. 3) Observar la respuesta del sistema y su registro en bitacora. 4) Repetir con datos limite y con un rol no autorizado, para comprobar que la funcion se deniega a quien no debe usarla.","El comportamiento observado coincide con el enunciado del requisito, sin excepciones. Se da por superada la prueba cuando se satisface el escenario Gherkin de CA-05, definido en el ERS",CA-05,Climatizador,CU-01;CU-02,Si: el prototipo implementa el requisito,"Especificado, no ejecutado"
CP-RF-06,RF-06,Funcional,Comprobar que se cumple: Integrar el sistema con la videovigilancia existente,Entorno de prueba desplegado con datos de ejemplo; elemento bajo prueba disponible: CamaraVigilancia,"1) Autenticarse con un rol autorizado. 2) Reproducir el escenario Gherkin del criterio de aceptacion asociado, sobre CamaraVigilancia en el entorno de prueba. 3) Observar la respuesta del sistema y su registro en bitacora. 4) Repetir con datos limite y con un rol no autorizado, para comprobar que la funcion se deniega a quien no debe usarla.","El comportamiento observado coincide con el enunciado del requisito, sin excepciones",Sin criterio de aceptacion asociado,CamaraVigilancia,CU-15,"No: requisito no funcional, exige medicion en operacion","Especificado, no ejecutado"
CP-RF-07,RF-07,Funcional,Comprobar que se cumple: Consultar un panel de control centralizado,Entorno de prueba desplegado con datos de ejemplo; elemento bajo prueba disponible: Aula,"1) Autenticarse con un rol autorizado. 2) Reproducir el escenario Gherkin del criterio de aceptacion asociado, sobre Aula en el entorno de prueba. 3) Observar la respuesta del sistema y su registro en bitacora. 4) Repetir con datos limite y con un rol no autorizado, para comprobar que la funcion se deniega a quien no debe usarla.","El comportamiento observado coincide con el enunciado del requisito, sin excepciones. Se da por superada la prueba cuando se satisface el escenario Gherkin de CA-06, definido en el ERS",CA-06,Aula,CU-01,Si: el prototipo implementa el requisito,"Especificado, no ejecutado"
CP-RF-08,RF-08,Funcional,Comprobar que se cumple: Generar y enviar alertas por anomalias,Entorno de prueba desplegado con datos de ejemplo; elemento bajo prueba disponible: Alerta,"1) Autenticarse con un rol autorizado. 2) Reproducir el escenario Gherkin del criterio de aceptacion asociado, sobre Alerta en el entorno de prueba. 3) Observar la respuesta del sistema y su registro en bitacora. 4) Repetir con datos limite y con un rol no autorizado, para comprobar que la funcion se deniega a quien no debe usarla.","El comportamiento observado coincide con el enunciado del requisito, sin excepciones. Se da por superada la prueba cuando se satisface el escenario Gherkin de CA-07, definido en el ERS",CA-07,Alerta,CU-04;CU-05,Si: el prototipo implementa el requisito,"Especificado, no ejecutado"
CP-RF-09,RF-09,Funcional,Comprobar que se cumple: Predecir fallos de equipos mediante IA,Entorno de prueba desplegado con datos de ejemplo; elemento bajo prueba disponible: Equipo,"1) Autenticarse con un rol autorizado. 2) Reproducir el escenario Gherkin del criterio de aceptacion asociado, sobre Equipo en el entorno de prueba. 3) Observar la respuesta del sistema y su registro en bitacora. 4) Repetir con datos limite y con un rol no autorizado, para comprobar que la funcion se deniega a quien no debe usarla.","El comportamiento observado coincide con el enunciado del requisito, sin excepciones",Sin criterio de aceptacion asociado,Equipo,CU-16,"No: requisito no funcional, exige medicion en operacion","Especificado, no ejecutado"
CP-RF-10,RF-10,Funcional,Comprobar que se cumple: Registrar el historial de fallas y mantenimientos,Entorno de prueba desplegado con datos de ejemplo; elemento bajo prueba disponible: SolicitudMantenimiento,"1) Autenticarse con un rol autorizado. 2) Reproducir el escenario Gherkin del criterio de aceptacion asociado, sobre SolicitudMantenimiento en el entorno de prueba. 3) Observar la respuesta del sistema y su registro en bitacora. 4) Repetir con datos limite y con un rol no autorizado, para comprobar que la funcion se deniega a quien no debe usarla.","El comportamiento observado coincide con el enunciado del requisito, sin excepciones. Se da por superada la prueba cuando se satisface el escenario Gherkin de CA-08, definido en el ERS",CA-08,SolicitudMantenimiento,CU-08,Si: el prototipo implementa el requisito,"Especificado, no ejecutado"
CP-RF-11,RF-11,Funcional,Comprobar que se cumple: Notificar de forma inmediata las fallas criticas,Entorno de prueba desplegado con datos de ejemplo; elemento bajo prueba disponible: Alerta,"1) Autenticarse con un rol autorizado. 2) Reproducir el escenario Gherkin del criterio de aceptacion asociado, sobre Alerta en el entorno de prueba. 3) Observar la respuesta del sistema y su registro en bitacora. 4) Repetir con datos limite y con un rol no autorizado, para comprobar que la funcion se deniega a quien no debe usarla.","El comportamiento observado coincide con el enunciado del requisito, sin excepciones. Se da por superada la prueba cuando se satisface el escenario Gherkin de CA-09, definido en el ERS",CA-09,Alerta,CU-04;CU-05,Si: el prototipo implementa el requisito,"Especificado, no ejecutado"
CP-RF-12,RF-12,Funcional,Comprobar que se cumple: Gestionar las solicitudes de mantenimiento,Entorno de prueba desplegado con datos de ejemplo; elemento bajo prueba disponible: SolicitudMantenimiento,"1) Autenticarse con un rol autorizado. 2) Reproducir el escenario Gherkin del criterio de aceptacion asociado, sobre SolicitudMantenimiento en el entorno de prueba. 3) Observar la respuesta del sistema y su registro en bitacora. 4) Repetir con datos limite y con un rol no autorizado, para comprobar que la funcion se deniega a quien no debe usarla.","El comportamiento observado coincide con el enunciado del requisito, sin excepciones. Se da por superada la prueba cuando se satisface el escenario Gherkin de CA-10;CA-21, definido en el ERS",CA-10;CA-21,SolicitudMantenimiento,CU-06;CU-07,Si: el prototipo implementa el requisito,"Especificado, no ejecutado"
CP-RF-13,RF-13,Funcional,Comprobar que se cumple: Controlar automaticamente el apagado energetico,Entorno de prueba desplegado con datos de ejemplo; elemento bajo prueba disponible: Equipo,"1) Autenticarse con un rol autorizado. 2) Reproducir el escenario Gherkin del criterio de aceptacion asociado, sobre Equipo en el entorno de prueba. 3) Observar la respuesta del sistema y su registro en bitacora. 4) Repetir con datos limite y con un rol no autorizado, para comprobar que la funcion se deniega a quien no debe usarla.","El comportamiento observado coincide con el enunciado del requisito, sin excepciones. Se da por superada la prueba cuando se satisface el escenario Gherkin de CA-11, definido en el ERS",CA-11,Equipo,CU-13,Si: el prototipo implementa el requisito,"Especificado, no ejecutado"
CP-RF-14,RF-14,Funcional,Comprobar que se cumple: Analizar patrones de consumo energetico,Entorno de prueba desplegado con datos de ejemplo; elemento bajo prueba disponible: ConsumoEnergetico,"1) Autenticarse con un rol autorizado. 2) Reproducir el escenario Gherkin del criterio de aceptacion asociado, sobre ConsumoEnergetico en el entorno de prueba. 3) Observar la respuesta del sistema y su registro en bitacora. 4) Repetir con datos limite y con un rol no autorizado, para comprobar que la funcion se deniega a quien no debe usarla.","El comportamiento observado coincide con el enunciado del requisito, sin excepciones",Sin criterio de aceptacion asociado,ConsumoEnergetico,CU-16,"No: requisito no funcional, exige medicion en operacion","Especificado, no ejecutado"
CP-RF-15,RF-15,Funcional,Comprobar que se cumple: Programar horarios automatizados de encendido/apagado,Entorno de prueba desplegado con datos de ejemplo; elemento bajo prueba disponible: HorarioAcademico,"1) Autenticarse con un rol autorizado. 2) Reproducir el escenario Gherkin del criterio de aceptacion asociado, sobre HorarioAcademico en el entorno de prueba. 3) Observar la respuesta del sistema y su registro en bitacora. 4) Repetir con datos limite y con un rol no autorizado, para comprobar que la funcion se deniega a quien no debe usarla.","El comportamiento observado coincide con el enunciado del requisito, sin excepciones. Se da por superada la prueba cuando se satisface el escenario Gherkin de CA-12, definido en el ERS",CA-12,HorarioAcademico,CU-13,Si: el prototipo implementa el requisito,"Especificado, no ejecutado"
CP-RF-16,RF-16,Funcional,Comprobar que se cumple: Apagar automaticamente equipos de aulas desocupadas,Entorno de prueba desplegado con datos de ejemplo; elemento bajo prueba disponible: Aula;Equipo,"1) Autenticarse con un rol autorizado. 2) Reproducir el escenario Gherkin del criterio de aceptacion asociado, sobre Aula;Equipo en el entorno de prueba. 3) Observar la respuesta del sistema y su registro en bitacora. 4) Repetir con datos limite y con un rol no autorizado, para comprobar que la funcion se deniega a quien no debe usarla.","El comportamiento observado coincide con el enunciado del requisito, sin excepciones. Se da por superada la prueba cuando se satisface el escenario Gherkin de CA-13, definido en el ERS",CA-13,Aula;Equipo,CU-03;CU-13,Si: el prototipo implementa el requisito,"Especificado, no ejecutado"
CP-RF-17,RF-17,Funcional,Comprobar que se cumple: Generar reportes estadisticos periodicos,Entorno de prueba desplegado con datos de ejemplo; elemento bajo prueba disponible: ReporteAdministrativo,"1) Autenticarse con un rol autorizado. 2) Reproducir el escenario Gherkin del criterio de aceptacion asociado, sobre ReporteAdministrativo en el entorno de prueba. 3) Observar la respuesta del sistema y su registro en bitacora. 4) Repetir con datos limite y con un rol no autorizado, para comprobar que la funcion se deniega a quien no debe usarla.","El comportamiento observado coincide con el enunciado del requisito, sin excepciones",Sin criterio de aceptacion asociado,ReporteAdministrativo,CU-09,Si: el prototipo implementa el requisito,"Especificado, no ejecutado"
CP-RF-18,RF-18,Funcional,Comprobar que se cumple: Exportar reportes en PDF y Excel,Entorno de prueba desplegado con datos de ejemplo; elemento bajo prueba disponible: ReporteAdministrativo,"1) Autenticarse con un rol autorizado. 2) Reproducir el escenario Gherkin del criterio de aceptacion asociado, sobre ReporteAdministrativo en el entorno de prueba. 3) Observar la respuesta del sistema y su registro en bitacora. 4) Repetir con datos limite y con un rol no autorizado, para comprobar que la funcion se deniega a quien no debe usarla.","El comportamiento observado coincide con el enunciado del requisito, sin excepciones",Sin criterio de aceptacion asociado,ReporteAdministrativo,CU-10,"No: requisito no funcional, exige medicion en operacion","Especificado, no ejecutado"
CP-RF-19,RF-19,Funcional,Comprobar que se cumple: Gestionar acceso diferenciado por roles,Entorno de prueba desplegado con datos de ejemplo; elemento bajo prueba disponible: Usuario;Rol,"1) Autenticarse con un rol autorizado. 2) Reproducir el escenario Gherkin del criterio de aceptacion asociado, sobre Usuario;Rol en el entorno de prueba. 3) Observar la respuesta del sistema y su registro en bitacora. 4) Repetir con datos limite y con un rol no autorizado, para comprobar que la funcion se deniega a quien no debe usarla.","El comportamiento observado coincide con el enunciado del requisito, sin excepciones. Se da por superada la prueba cuando se satisface el escenario Gherkin de CA-14, definido en el ERS",CA-14,Usuario;Rol,CU-11,Si: el prototipo implementa el requisito,"Especificado, no ejecutado"
CP-RF-20,RF-20,Funcional,Comprobar que se cumple: Registrar el historial de ocupacion de aulas,Entorno de prueba desplegado con datos de ejemplo; elemento bajo prueba disponible: Aula;LecturaSensor,"1) Autenticarse con un rol autorizado. 2) Reproducir el escenario Gherkin del criterio de aceptacion asociado, sobre Aula;LecturaSensor en el entorno de prueba. 3) Observar la respuesta del sistema y su registro en bitacora. 4) Repetir con datos limite y con un rol no autorizado, para comprobar que la funcion se deniega a quien no debe usarla.","El comportamiento observado coincide con el enunciado del requisito, sin excepciones. Se da por superada la prueba cuando se satisface el escenario Gherkin de CA-18, definido en el ERS",CA-18,Aula;LecturaSensor,CU-01;CU-08,No: el prototipo no implementa el requisito,"Especificado, no ejecutado"
CP-RF-21,RF-21,Funcional,Comprobar que se cumple: Notificar equipos encendidos fuera de horario,Entorno de prueba desplegado con datos de ejemplo; elemento bajo prueba disponible: Alerta;Equipo,"1) Autenticarse con un rol autorizado. 2) Reproducir el escenario Gherkin del criterio de aceptacion asociado, sobre Alerta;Equipo en el entorno de prueba. 3) Observar la respuesta del sistema y su registro en bitacora. 4) Repetir con datos limite y con un rol no autorizado, para comprobar que la funcion se deniega a quien no debe usarla.","El comportamiento observado coincide con el enunciado del requisito, sin excepciones. Se da por superada la prueba cuando se satisface el escenario Gherkin de CA-15, definido en el ERS",CA-15,Alerta;Equipo,CU-04;CU-13,Si: el prototipo implementa el requisito,"Especificado, no ejecutado"
CP-RF-22,RF-22,Funcional,Comprobar que se cumple: Monitorear la conectividad de la red IoT,Entorno de prueba desplegado con datos de ejemplo; elemento bajo prueba disponible: GatewayIoT,"1) Autenticarse con un rol autorizado. 2) Reproducir el escenario Gherkin del criterio de aceptacion asociado, sobre GatewayIoT en el entorno de prueba. 3) Observar la respuesta del sistema y su registro en bitacora. 4) Repetir con datos limite y con un rol no autorizado, para comprobar que la funcion se deniega a quien no debe usarla.","El comportamiento observado coincide con el enunciado del requisito, sin excepciones. Se da por superada la prueba cuando se satisface el escenario Gherkin de CA-16, definido en el ERS",CA-16,GatewayIoT,CU-12,Si: el prototipo implementa el requisito,"Especificado, no ejecutado"
CP-RF-23,RF-23,Funcional,Comprobar que se cumple: Registrar bitacora de acciones de usuario,Entorno de prueba desplegado con datos de ejemplo; elemento bajo prueba disponible: BitacoraAccion,"1) Autenticarse con un rol autorizado. 2) Reproducir el escenario Gherkin del criterio de aceptacion asociado, sobre BitacoraAccion en el entorno de prueba. 3) Observar la respuesta del sistema y su registro en bitacora. 4) Repetir con datos limite y con un rol no autorizado, para comprobar que la funcion se deniega a quien no debe usarla.","El comportamiento observado coincide con el enunciado del requisito, sin excepciones. Se da por superada la prueba cuando se satisface el escenario Gherkin de CA-17, definido en el ERS",CA-17,BitacoraAccion,CU-14,Si: el prototipo implementa el requisito,"Especificado, no ejecutado"
CP-RF-24,RF-24,Funcional,Comprobar que se cumple: Exportar los datos personales del usuario a solicitud,Entorno de prueba desplegado con datos de ejemplo; elemento bajo prueba disponible: Usuario,"1) Autenticarse con un rol autorizado. 2) Reproducir el escenario Gherkin del criterio de aceptacion asociado, sobre Usuario en el entorno de prueba. 3) Observar la respuesta del sistema y su registro en bitacora. 4) Repetir con datos limite y con un rol no autorizado, para comprobar que la funcion se deniega a quien no debe usarla.","El comportamiento observado coincide con el enunciado del requisito, sin excepciones. Se da por superada la prueba cuando se satisface el escenario Gherkin de CA-19, definido en el ERS",CA-19,Usuario,CU-11,No: el prototipo no implementa el requisito,"Especificado, no ejecutado"
CP-RF-25,RF-25,Funcional,Comprobar que se cumple: Rectificar los datos personales del usuario,Entorno de prueba desplegado con datos de ejemplo; elemento bajo prueba disponible: Usuario,"1) Autenticarse con un rol autorizado. 2) Reproducir el escenario Gherkin del criterio de aceptacion asociado, sobre Usuario en el entorno de prueba. 3) Observar la respuesta del sistema y su registro en bitacora. 4) Repetir con datos limite y con un rol no autorizado, para comprobar que la funcion se deniega a quien no debe usarla.","El comportamiento observado coincide con el enunciado del requisito, sin excepciones. Se da por superada la prueba cuando se satisface el escenario Gherkin de CA-20, definido en el ERS",CA-20,Usuario,CU-11,No: el prototipo no implementa el requisito,"Especificado, no ejecutado"
CP-RNF-01,RNF-01,"No funcional, medicion contra umbral",Comprobar que se cumple: El sistema debe entregar alertas de anomalia en <=60s desde la deteccion,Entorno de prueba desplegado con datos de ejemplo; elemento bajo prueba disponible: Alerta,Medicion contra umbral. 1) Preparar el escenario descrito en la precondicion. 2) Tomar al menos 30 mediciones independientes de la magnitud del requisito. 3) Calcular el estadistico declarado y su intervalo de confianza del 95 %. 4) Comparar con el umbral <=60s. Una medicion aislada no decide: el intervalo debe quedar del lado correcto.,El sistema cumple el umbral declarado: <=60s,Sin criterio de aceptacion asociado,Alerta,CU-04;CU-05,"No: requisito no funcional, exige medicion en operacion","Especificado, no ejecutado"
CP-RNF-02,RNF-02,"No funcional, medicion contra umbral",Comprobar que se cumple: Disponibilidad >=99% mensual (downtime <=7.3 h/mes),Entorno de prueba desplegado con datos de ejemplo; elemento bajo prueba disponible: Sin componente asociado,Medicion contra umbral. 1) Preparar el escenario descrito en la precondicion. 2) Tomar al menos 30 mediciones independientes de la magnitud del requisito. 3) Calcular el estadistico declarado y su intervalo de confianza del 95 %. 4) Comparar con el umbral >=99%. Una medicion aislada no decide: el intervalo debe quedar del lado correcto.,El sistema cumple el umbral declarado: >=99%,Sin criterio de aceptacion asociado,Sin componente asociado,Sin caso de uso asociado,"No: requisito no funcional, exige medicion en operacion","Especificado, no ejecutado"
CP-RNF-03,RNF-03,"No funcional, medicion contra umbral",Comprobar que se cumple: Datos en transito y reposo cifrados con AES-256; acceso sin credenciales rechazado,Entorno de prueba desplegado con datos de ejemplo; elemento bajo prueba disponible: Usuario;Rol,Medicion cualitativa. 1) Preparar el escenario de la precondicion. 2) Ejecutar el escenario con participantes del perfil destinatario. 3) Registrar el resultado y la evidencia que lo sostiene.,"El comportamiento observado coincide con el enunciado del requisito, sin excepciones",Sin criterio de aceptacion asociado,Usuario;Rol,CU-11,"No: requisito no funcional, exige medicion en operacion","Especificado, no ejecutado"
CP-RNF-04,RNF-04,"No funcional, medicion contra umbral",Comprobar que se cumple: Usuario sin capacitacion previa completa consultar estado de un aula en <=5 min,Entorno de prueba desplegado con datos de ejemplo; elemento bajo prueba disponible: Aula,Medicion cualitativa. 1) Preparar el escenario de la precondicion. 2) Ejecutar el escenario con participantes del perfil destinatario. 3) Registrar el resultado y la evidencia que lo sostiene.,"El comportamiento observado coincide con el enunciado del requisito, sin excepciones",Sin criterio de aceptacion asociado,Aula,CU-01,"No: requisito no funcional, exige medicion en operacion","Especificado, no ejecutado"
CP-RNF-05,RNF-05,"No funcional, medicion contra umbral",Comprobar que se cumple: La interfaz debe funcionar sin instalacion adicional en Chrome Firefox y Edge,Entorno de prueba desplegado con datos de ejemplo; elemento bajo prueba disponible: Sin componente asociado,Medicion cualitativa. 1) Preparar el escenario de la precondicion. 2) Ejecutar el escenario con participantes del perfil destinatario. 3) Registrar el resultado y la evidencia que lo sostiene.,"El comportamiento observado coincide con el enunciado del requisito, sin excepciones",Sin criterio de aceptacion asociado,Sin componente asociado,CU-01,"No: requisito no funcional, exige medicion en operacion","Especificado, no ejecutado"
CP-RNF-06,RNF-06,"No funcional, medicion contra umbral",Comprobar que se cumple: Cobertura de pruebas unitarias >=70% en modulos criticos,Entorno de prueba desplegado con datos de ejemplo; elemento bajo prueba disponible: Sin componente asociado,Medicion contra umbral. 1) Preparar el escenario descrito en la precondicion. 2) Tomar al menos 30 mediciones independientes de la magnitud del requisito. 3) Calcular el estadistico declarado y su intervalo de confianza del 95 %. 4) Comparar con el umbral >=70%. Una medicion aislada no decide: el intervalo debe quedar del lado correcto.,El sistema cumple el umbral declarado: >=70%,Sin criterio de aceptacion asociado,Sin componente asociado,Sin caso de uso asociado,"No: requisito no funcional, exige medicion en operacion","Especificado, no ejecutado"
CP-RNF-07,RNF-07,"No funcional, medicion contra umbral",Comprobar que se cumple: Tasa de acierto >=95% del modulo de deteccion de ocupacion frente al estado real,Entorno de prueba desplegado con datos de ejemplo; elemento bajo prueba disponible: SensorIoT,Medicion contra umbral. 1) Preparar el escenario descrito en la precondicion. 2) Tomar al menos 30 mediciones independientes de la magnitud del requisito. 3) Calcular el estadistico declarado y su intervalo de confianza del 95 %. 4) Comparar con el umbral >=95%. Una medicion aislada no decide: el intervalo debe quedar del lado correcto.,El sistema cumple el umbral declarado: >=95%,Sin criterio de aceptacion asociado,SensorIoT,CU-03,"No: requisito no funcional, exige medicion en operacion","Especificado, no ejecutado"
CP-RNF-08,RNF-08,"No funcional, medicion contra umbral",Comprobar que se cumple: Integracion con el Sistema de Horario Academico sin perdida de datos,Entorno de prueba desplegado con datos de ejemplo; elemento bajo prueba disponible: HorarioAcademico,Medicion cualitativa. 1) Preparar el escenario de la precondicion. 2) Ejecutar el escenario con participantes del perfil destinatario. 3) Registrar el resultado y la evidencia que lo sostiene.,"El comportamiento observado coincide con el enunciado del requisito, sin excepciones",Sin criterio de aceptacion asociado,HorarioAcademico,CU-13,"No: requisito no funcional, exige medicion en operacion","Especificado, no ejecutado"
CP-RNF-09,RNF-09,"No funcional, medicion contra umbral",Comprobar que se cumple: Incorporar un nuevo tipo de sensor IoT en <=8 horas-persona sin modificar el nucleo,Entorno de prueba desplegado con datos de ejemplo; elemento bajo prueba disponible: GatewayIoT,Medicion contra umbral. 1) Preparar el escenario descrito en la precondicion. 2) Tomar al menos 30 mediciones independientes de la magnitud del requisito. 3) Calcular el estadistico declarado y su intervalo de confianza del 95 %. 4) Comparar con el umbral <=8 horas. Una medicion aislada no decide: el intervalo debe quedar del lado correcto.,El sistema cumple el umbral declarado: <=8 horas,Sin criterio de aceptacion asociado,GatewayIoT,Sin caso de uso asociado,"No: requisito no funcional, exige medicion en operacion","Especificado, no ejecutado"
CP-RNF-10,RNF-10,"No funcional, medicion contra umbral",Comprobar que se cumple: Explicacion de cada prediccion de falla en <=2s y <=60 palabras comprensible para el usuario,Entorno de prueba desplegado con datos de ejemplo; elemento bajo prueba disponible: Equipo,Medicion contra umbral. 1) Preparar el escenario descrito en la precondicion. 2) Tomar al menos 30 mediciones independientes de la magnitud del requisito. 3) Calcular el estadistico declarado y su intervalo de confianza del 95 %. 4) Comparar con el umbral <=2s. Una medicion aislada no decide: el intervalo debe quedar del lado correcto.,El sistema cumple el umbral declarado: <=2s,Sin criterio de aceptacion asociado,Equipo,CU-16,"No: requisito no funcional, exige medicion en operacion","Especificado, no ejecutado"
CP-RNF-11,RNF-11,"No funcional, medicion contra umbral",Comprobar que se cumple: Exportar los datos personales del usuario en <=15 dias habiles desde la solicitud,Entorno de prueba desplegado con datos de ejemplo; elemento bajo prueba disponible: Usuario,Medicion contra umbral. 1) Preparar el escenario descrito en la precondicion. 2) Tomar al menos 30 mediciones independientes de la magnitud del requisito. 3) Calcular el estadistico declarado y su intervalo de confianza del 95 %. 4) Comparar con el umbral <=15 dias. Una medicion aislada no decide: el intervalo debe quedar del lado correcto.,El sistema cumple el umbral declarado: <=15 dias,Sin criterio de aceptacion asociado,Usuario,CU-11,"No: requisito no funcional, exige medicion en operacion","Especificado, no ejecutado"
CP-RNF-12,RNF-12,"No funcional, medicion contra umbral",Comprobar que se cumple: Alerta automatica al administrador ante intento de acceso no autorizado en <=5 min,Entorno de prueba desplegado con datos de ejemplo; elemento bajo prueba disponible: Usuario;Rol,Medicion cualitativa. 1) Preparar el escenario de la precondicion. 2) Ejecutar el escenario con participantes del perfil destinatario. 3) Registrar el resultado y la evidencia que lo sostiene.,"El comportamiento observado coincide con el enunciado del requisito, sin excepciones",Sin criterio de aceptacion asociado,Usuario;Rol,CU-11,"No: requisito no funcional, exige medicion en operacion","Especificado, no ejecutado"
CP-RNF-13,RNF-13,"No funcional, medicion contra umbral",Comprobar que se cumple: Reanudar recepcion de datos en <=5 min tras restablecimiento de conexion del Gateway IoT,Entorno de prueba desplegado con datos de ejemplo; elemento bajo prueba disponible: GatewayIoT,Medicion cualitativa. 1) Preparar el escenario de la precondicion. 2) Ejecutar el escenario con participantes del perfil destinatario. 3) Registrar el resultado y la evidencia que lo sostiene.,"El comportamiento observado coincide con el enunciado del requisito, sin excepciones",Sin criterio de aceptacion asociado,GatewayIoT,CU-12,"No: requisito no funcional, exige medicion en operacion","Especificado, no ejecutado"
CP-RNF-14,RNF-14,"No funcional, medicion contra umbral",Comprobar que se cumple: Tiempo de diagnostico por clase de falla: <=15 min la menor in situ, <=24 h la mayor con retirada de equipo,Entorno de prueba desplegado con datos de ejemplo; elemento bajo prueba disponible: SolicitudMantenimiento,Medicion cualitativa. 1) Preparar el escenario de la precondicion. 2) Ejecutar el escenario con participantes del perfil destinatario. 3) Registrar el resultado y la evidencia que lo sostiene.,"El comportamiento observado coincide con el enunciado del requisito, sin excepciones",Sin criterio de aceptacion asociado,SolicitudMantenimiento,CU-08,"No: requisito no funcional, exige medicion en operacion","Especificado, no ejecutado"
CP-RNF-15,RNF-15,"No funcional, medicion contra umbral",Comprobar que se cumple: Interfaz web operativa sin perdida de funciones criticas con ancho de banda >=1 Mbps,Entorno de prueba desplegado con datos de ejemplo; elemento bajo prueba disponible: Sin componente asociado,Medicion contra umbral. 1) Preparar el escenario descrito en la precondicion. 2) Tomar al menos 30 mediciones independientes de la magnitud del requisito. 3) Calcular el estadistico declarado y su intervalo de confianza del 95 %. 4) Comparar con el umbral >=1 Mb. Una medicion aislada no decide: el intervalo debe quedar del lado correcto.,El sistema cumple el umbral declarado: >=1 Mb,Sin criterio de aceptacion asociado,Sin componente asociado,CU-01,"No: requisito no funcional, exige medicion en operacion","Especificado, no ejecutado"
CP-RNF-16,RNF-16,"No funcional, medicion contra umbral",Comprobar que se cumple: Notificar explicitamente al usuario cuando un aula no tiene conectividad de red disponible,Entorno de prueba desplegado con datos de ejemplo; elemento bajo prueba disponible: GatewayIoT,Medicion cualitativa. 1) Preparar el escenario de la precondicion. 2) Ejecutar el escenario con participantes del perfil destinatario. 3) Registrar el resultado y la evidencia que lo sostiene.,"El comportamiento observado coincide con el enunciado del requisito, sin excepciones",Sin criterio de aceptacion asociado,GatewayIoT,CU-01,"No: requisito no funcional, exige medicion en operacion","Especificado, no ejecutado"
CP-RNF-IA-01,RNF-IA-01,"Medicion contra umbral, componente inteligente","El modulo de deteccion de ocupacion debe coincidir con el estado real del aula, comprobado por verificacion presencial, en al menos 95 de cada 100 comprobaciones.","Componente inteligente en operacion con datos suficientes; responsable designado: Personal de Infraestructura y Mantenimiento, con validacion del analista lider","Sesenta verificaciones presenciales por ciclo, repartidas por igual entre las franjas de manana, tarde y noche y entre aulas ocupadas y vacias. Se compara el estado que muestra el panel con el observado en el aula en ese instante.",">= 95, medido en porcentaje de comprobaciones coincidentes",CA-01,SensorIoT; CamaraVigilancia; Aula,CU-01;CU-02,No: exige el sistema desplegado,No verificado con evidencia de campo: el umbral del 95 % procede de analisis y no de medicion sobre el sistema desplegado
CP-RNF-IA-02,RNF-IA-02,"Medicion contra umbral, componente inteligente","La prediccion de ocupacion de un aula para una franja horaria futura no debe desviarse del uso realmente observado en mas de diez puntos porcentuales, medida sobre semanas retenidas que el modelo no vio al ajustarse.",Componente inteligente en operacion con datos suficientes; responsable designado: Analista lider,"Validacion con separacion temporal: se ajusta el modelo con el historial de RF-20 hasta una fecha de corte y se evalua sobre las cuatro semanas siguientes, que quedan retenidas. No se admite validacion cruzada aleatoria, porque mezclaria semanas futuras con pasadas.","<= 10, medido en puntos porcentuales de ocupacion",CA-01,HorarioAcademico; Aula; LecturaSensor,CU-01;CU-15,No: exige el sistema desplegado,No implementado en el MVP: el prototipo registra el historial de ocupacion pero no ajusta todavia un modelo predictivo. El requisito queda especificado para la fase de despliegue
CP-RNF-IA-03,RNF-IA-03,"Medicion contra umbral, componente inteligente","Toda prediccion de falla mostrada al usuario debe ir acompanada de una explicacion que nombre las tres senales que mas pesaron en ella y el sentido en que lo hicieron, en lenguaje sin terminologia estadistica, en un maximo de 60 palabras, presentada junto a la prediccion y no en una pantalla...",Componente inteligente en operacion con datos suficientes; responsable designado: Analista lider para las dos primeras; Docente y Personal de Infraestructura y...,"Las dos primeras, por medicion automatica sobre 100 predicciones consecutivas. La tercera, mostrando diez explicaciones reales a cinco personas del perfil destinatario y pidiendoles que digan que harian; se cuenta correcta la respuesta que coincide con la accion que el sistema esperaba provocar.","<= 60 palabras; <= 2 segundos en el percentil 95; >= 80 % de comprension, medido en palabras; segundos; porcentaje de comprension correcta",CA-06;CA-07,Equipo; Alerta,CU-04;CU-05,No: exige el sistema desplegado,Parcialmente sustentado: los umbrales de longitud y latencia proceden de RNF-10; el umbral de comprension es nuevo y no tiene medicion todavia
CP-RNF-IA-04,RNF-IA-04,"Medicion contra umbral, componente inteligente","La cobertura del mantenimiento preventivo que dispara el componente no debe diferir en mas de cinco puntos porcentuales entre las carreras que comparten el edificio, ni entre las franjas de manana, tarde y noche.","Componente inteligente en operacion con datos suficientes; responsable designado: Coordinacion, con el calculo a cargo del analista lider","Conteo por grupo de aulas cubiertas sobre aulas elegibles, con intervalo de confianza del 95 % por bootstrap. Una diferencia se considera real solo si su intervalo no contiene el cero: con pocos casos por grupo, una diferencia puntual puede ser ruido.","<= 5, medido en puntos porcentuales de diferencia de cobertura",CA-16,Aula; SolicitudMantenimiento; HorarioAcademico,CU-12;CU-15,No: exige el sistema desplegado,No verificado: exige historico de operacion que aun no existe
CP-RNF-IA-05,RNF-IA-05,"Medicion contra umbral, componente inteligente","La probabilidad de que una solicitud de mantenimiento sea atendida dentro del plazo comprometido no debe depender de que docente la origino: la diferencia entre el docente mejor y el peor atendido, agrupando por volumen de reportes, no debe superar diez puntos porcentuales.",Componente inteligente en operacion con datos suficientes; responsable designado: Coordinacion,"Se agrupa a los docentes en tercios segun cuantos reportes hayan emitido y se compara la tasa de atencion en plazo entre el tercio superior y el inferior, con intervalo de confianza del 95 %. Se agrupa por volumen y no por persona para no construir un perfil individual de nadie, que RD-09 no permitiria.","<= 10, medido en puntos porcentuales de diferencia",CA-16,SolicitudMantenimiento; Usuario; Rol,CU-12,No: exige el sistema desplegado,No verificado: exige historico de operacion que aun no existe
CP-RNF-IA-06,RNF-IA-06,"Medicion contra umbral, componente inteligente","Toda accion que el sistema ejecute sobre el equipamiento de un aula sin intervencion humana debe quedar registrada con el criterio que la disparo, ser reversible por una persona autorizada durante los quince minutos siguientes, y notificarse a esa persona en el momento de ejecutarse. Ninguna...","Componente inteligente en operacion con datos suficientes; responsable designado: Personal de TI, con revision de Coordinacion","Auditoria de la bitacora de acciones contra el registro de ordenes enviadas al gateway durante treinta dias continuos, mas prueba de reversion sobre una muestra de veinte acciones tomadas al azar del periodo.","100 en las tres; una sola accion sin registro, sin aviso o irreversible incumple el requisito, medido en porcentaje de acciones automaticas",CA-05,BitacoraAccion; GatewayIoT; Equipo; Climatizador; Proyector,CU-02;CU-15,No: exige el sistema desplegado,"Nuevo en esta version. RF-16 y RNF-16 cubrian el apagado automatico y su notificacion, pero ningun requisito exigia hasta ahora que la accion fuera reversible ni fijaba una ventana"
CP-RNF-IA-07,RNF-IA-07,"Medicion contra umbral, componente inteligente","El sistema debe mantener en operacion el plan de monitoreo del componente inteligente, de modo que cada uno de sus indicadores se calcule con la periodicidad declarada, tenga un responsable nombrado y dispare aviso al superar su umbral de alerta, sin que ningun ciclo quede sin registrar.",Componente inteligente en operacion con datos suficientes; responsable designado: Personal de TI como ejecutor; Coordinacion como responsable de que el plan se cumpla,"Revision del registro de mediciones contra el calendario del plan, en 01_ERS/Componentes_IA/plan_monitoreo_postdespliegue.md. Cada ciclo debe constar con su fecha, su valor y quien lo midio.",">= 95, y ningun indicador con dos ciclos consecutivos sin medir, medido en porcentaje de ciclos cumplidos",Sin criterio de aceptacion asociado,BitacoraAccion; ReporteAdministrativo,CU-15,No: exige el sistema desplegado,"No verificado: el plan existe pero el sistema no esta desplegado, de modo que no hay ciclos ejecutados que contar"
CP-RNF-IA-08,RNF-IA-08,"Medicion contra umbral, componente inteligente","La clasificacion del nivel de riesgo del componente inteligente debe estar documentada con su justificacion, revisarse al menos una vez al ano y ademas cada vez que cambie el alcance de las decisiones automaticas o las categorias de datos tratadas, y cada revision debe dejar constancia de si la...","Componente inteligente en operacion con datos suficientes; responsable designado: Analista lider, con aprobacion de Coordinacion",Contraste entre la fecha de la revision vigente en clasificacion_riesgo_ia.md y el registro de cambios del alcance del componente en CHANGELOG.md. Un cambio de alcance sin revision asociada incumple el requisito.,"<= 12 meses; 100 % de los cambios de alcance, medido en meses desde la ultima revision; porcentaje de cambios de alcance revisados",Sin criterio de aceptacion asociado,Sistema SIGA en su conjunto,Sin caso de uso asociado,No: exige el sistema desplegado,Validado en su parte documental: la clasificacion existe y esta razonada en clasificacion_riesgo_ia.md. La periodicidad de revision es nueva y todavia no ha cumplido un ciclo
